row_hash,Верифікована назва2,Верифікована назва англійською,Кількість знаків співпадіння між  S-AE3,Кількість знаків співпадіння між T-AF2,Пряме порівняння рядків символ до символа,Часткове співвідношення,Сортоване співвідношення токенів,Множинне співвідношення токенів,Needs_Manual_Check
552c87bf7ce27034,"КОМУНАЛЬНЕ НЕКОМЕРЦІЙНЕ ПІДПРИЄМСТВО ""ЦЕНТР ПЕРВИННОЇ МЕДИЧНОЇ ДОПОМОГИ ІЛАРІОНІВСЬКОЇ СЕЛИЩНОЇ РАДИ СИНЕЛЬНИКІВСЬКОГО РАЙОНУ ДНІПРОПЕТРОВСЬКОЇ ОБЛАСТІ""","MUNICIPAL NON-PROFIT ENTERPRISE “PRIMARY HEALTH CARE CENTER OF ILARIONIVKA VILLAGE COUNCIL OF SINELNYKIVSKYI DISTRICT, DNIPROPETROVSKA OBLAST”",5,4,65,93,65,91,0
7cd50f21fef43c40,"КОМУНАЛЬНЕ НЕКОМЕРЦІЙНЕ ПІДПРИЄМСТВО ""Варвинський центр первинної медико-санітарної допомоги"" Варвинської селищної ради Прилуцького району Чернігівської області",,4,,61,91,61,90,0
59d7cec13de7c345,"КОМУНАЛЬНЕ НЕКОМЕРЦІЙНЕ ПІДПРИЄМСТВО ""ДЕРАЖНЕНСЬКА ЛІКАРНЯ"" ДЕРАЖНЕНСЬКОЇ СІЛЬСЬКОЇ РАДИ",,8,9,44,77,44,100,0
277ffacdfcdc3673,"КОМУНАЛЬНЕ ПІДПРИЄМСТВО ""ВОЛОДИМИРСЬКИЙ ЦЕНТР ПЕРВИННОЇ МЕДИЧНОЇ ДОПОМОГИ"" ВОЛОДИМИРСЬКОЇ МІСЬКОЇ РАДИ",MUNICIPAL ENTERPRISE “VOLODYMYR PRIMARY HEALTH CARE CENTER” OF THE VOLODYMYR CITY COUNCIL,4,4,61,84,62,84,0
caa487ab2f4e6535,"КОМУНАЛЬНЕ ПІДПРИЄМСТВО ""ДОЧІРНЄ ПІДПРИЄМСТВО СТОМАТОЛОГІЧНОЇ ПОЛІКЛІНІКИ № 1""",,6,6,10,15,68,100,0
a38bbd5a1760481e,"КОМУНАЛЬНЕ НЕКОМЕРЦІЙНЕ ПІДПРИЄМСТВО ""ЦЕНТР ПЕРВИННОЇ МЕДИКО-САНІТАРНОЇ ДОПОМОГИ"" ЗАТИШАНСЬКОЇ СЕЛИЩНОЇ РАДИ РОЗДІЛЬНЯНСЬКОГО РАЙОНУ ОДЕСЬКОЇ ОБЛАСТІ",,4,4,66,94,67,94,1
6b8458e9b7759f0f,"КОМУНАЛЬНЕ НЕКОМЕРЦІЙНЕ ПІДПРИЄМСТВО ПІВДЕННОЇ МІСЬКОЇ РАДИ ""ЦЕНТР ПЕРВИННОЇ МЕДИЧНОЇ ДОПОМОГИ №1 ХАРКІВСЬКОГО РАЙОНУ""",,8,8,60,100,60,100,0
98cf5c128cfb7a9c,"КОМУНАЛЬНЕ НЕКОМЕРЦІЙНЕ ПІДПРИЄМСТВО ""ЦЕНТР ПЕРВИННОЇ МЕДИКО-САНІТАРНОЇ ДОПОМОГИ ""МЕДИЦИНА ДЛЯ КОЖНОГО"" НОВООЛЕКСАНДРІВСЬКОЇ СІЛЬСЬКОЇ РАДИ ЗАПОРІЗЬКОГО РАЙОНУ ЗАПОРІЗЬКОЇ ОБЛАСТІ","MUNICIPAL NON-PROFIT ENTERPRISE ‘PRIMARY HEALTH CARE CENTRE “MEDICINE FOR EVERYONE” OF NOVOOLEKSANDRIVKA VILLAGE COUNCIL OF ZAPORIZHZHIA DISTRICT, ZAPORIZHZHIA REGION",3,3,15,16,22,25,1
d38fdcc088d0f580,"КОМУНАЛЬНЕ НЕКОМЕРЦІЙНЕ ПІДПРИЄМСТВО ""КУП'ЯНСЬКЕ ТЕРИТОРІАЛЬНЕ МЕДИЧНЕ ОБ'ЄДНАННЯ"" КУП'ЯНСЬКОЇ МІСЬКОЇ РАДИ ХАРКІВСЬКОЇ ОБЛАСТІ",,9,9,11,17,54,82,0
e9c350da47ef01f7,"КОМУНАЛЬНЕ НЕКОМЕРЦІЙНЕ ПІДПРИЄМСТВО ""ПОДІЛЬСЬКА МІСЬКА ЛІКАРНЯ"" ПОДІЛЬСЬКОЇ МІСЬКОЇ РАДИ ПОДІЛЬСЬКОГО РАЙОНУ ОДЕСЬКОЇ ОБЛАСТІ",,5,6,68,100,69,100,0
4038bf2e2e0f8215,"КОМУНАЛЬНЕ ПІДПРИЄМСТВО ""ЗАБОЛОТТІВСЬКИЙ ЦЕНТР ПЕРВИННОЇ МЕДИЧНОЇ ДОПОМОГИ"" ЗАБОЛОТТІВСЬКОЇ СЕЛИЩНОЇ РАДИ  КОВЕЛЬСЬКОГО РАЙОНУ ВОЛИНСЬКОЇ ОБЛАСТІ","MUNICIPAL ENTERPRISE “ZABOLOTTYA PRIMARY HEALTH CARE CENTER” OF ZABOLOTTYA VILLAGE COUNCIL OF KOVEL DISTRICT, VOLYN REGION",4,4,67,96,64,95,0
d3d00b45582ed4a0,"КОМУНАЛЬНЕ НЕКОМЕРЦІЙНЕ ПІДПРИЄМСТВО МИКОЛАЇВСЬКОЇ СІЛЬСЬКОЇ РАДИ ""АМБУЛАТОРІЯ ЗАГАЛЬНОЇ ПРАКТИКИ СІМЕЙНОЇ МЕДИЦИНИ С.ПОСТОЛЬНЕ""",,4,3,65,98,67,100,1
efc4115224efcdbd,"КОМУНАЛЬНЕ ПІДПРИЄМСТВО ""БЕРЕСТЕЧКІВСЬКА МІСЬКА ЛІКАРНЯ"" БЕРЕСТЕЧКІВСЬКОЇ МІСЬКОЇ РАДИ ВОЛИНСЬКОЇ ОБЛАСТІ",MUNICIPAL ENTERPRISE “BERESTECHKIV CITY HOSPITAL” OF BERESTECHKIV CITY COUNCIL OF VOLYN REGION,3,3,9,12,74,100,1
7b81a17fcfff7ac0,"Комунальне некомерційне підприємство ""Свеський центр первинної медико-санітарної допомоги"" Свеської селищної ради Шосткинського району Сумської області",,8,8,65,94,66,91,0
8a745c9a2177c86f,"КОМУНАЛЬНЕ НЕКОМЕРЦІЙНЕ ПІДПРИЄМСТВО ""ЦЕНТР ПЕРВИННОЇ МЕДИКО-САНІТАРНОЇ ДОПОМОГИ САХНОВЩИНСЬКОЇ СЕЛИЩНОЇ РАДИ БЕРЕСТИНСЬКОГО РАЙОНУ ХАРКІВСЬКОЇ ОБЛАСТІ""",,5,7,10,16,49,79,1
b4113964c1b56019,"""КОМУНАЛЬНЕ НЕКОМЕРЦІЙНЕ ПІДПРИЄМСТВО "" БЕРДИЧІВСЬКА МІСЬКА ЛІКАРНЯ"" БЕРДИЧІВСЬКОЇ МІСЬКОЇ РАДИ""",“MUNICIPAL NON-PROFIT ENTERPRISE “BERDYCHIV CITY HOSPITAL” OF BERDYCHIV CITY COUNCIL”,5,5,66,99,67,100,0
cb0422ab4eb5d542,"КОМУНАЛЬНЕ НЕКОМЕРЦІЙНЕ ПІДПРИЄМСТВО ""ЦЕНТР ПЕРВИННОЇ МЕДИКО-САНІТАРНОЇ ДОПОМОГИ""СИНЮХИНО-БРІДСЬКОЇ СІЛЬСЬКОЇ РАДИ ПЕРВОМАЙСЬКОГО РАЙОНУ МИКОЛАЇВСЬКОЇ ОБЛАСТІ",,4,3,9,15,55,87,0
e866dfcde2369e73,"КОМУНАЛЬНЕ ПІДПРИЄМСТВО ""МЕДИЧНИЙ ЛІКУВАЛЬНО-ДІАГНОСТИЧНИЙ ЦЕНТР""",,4,3,38,100,38,100,1
46e5318218091e95,"КОМУНАЛЬНЕ НЕКОМЕРЦІЙНЕ ПІДПРИЄМСТВО ""КОНСУЛЬТАТИВНО-ДІАГНОСТИЧНИЙ ЦЕНТР №1 ДАРНИЦЬКОГО РАЙОНУ М. КИЄВА""",,5,,62,100,63,100,0
5b731cfad54d80f3,"КОМУНАЛЬНЕ НЕКОМЕРЦІЙНЕ ПІДПРИЄМСТВО ""ЛІКАРСЬКА АМБУЛАТОРІЯ ЗАГАЛЬНОЇ ПРАКТИКИ - СІМЕЙНОЇ МЕДИЦИНИ С.ПІДЛОЗЦІ"" ПІДЛОЗЦІВСЬКОЇ СІЛЬСЬКОЇ РАДИ РІВНЕНСЬКОЇ ОБЛАСТІ",,,,72,93,73,100,1
255cf132f3ac6045,"КОМУНАЛЬНЕ НЕКОМЕРЦІЙНЕ ПІДПРИЄМСТВО ""ВЕЛИКОБУРЛУЦЬКИЙ ЦЕНТР ПЕРВИННОЇ МЕДИКО-САНІТАРНОЇ ДОПОМОГИ"" ВЕЛИКОБУРЛУЦЬКОЇ СЕЛИЩНОЇ РАДИ",,,,65,95,68,100,0
451c076594111ba5,"КОМУНАЛЬНЕ НЕКОМЕРЦІЙНЕ ПІДПРИЄМСТВО ""ЦЕНТР ПЕРВИННОЇ МЕДИКО-САНІТАРНОЇ ДОПОМОГИ"" ЗВЯГЕЛЬСЬКОЇ МІСЬКОЇ РАДИ",MUNICIPAL NON-PROFIT ENTERPRISE “CENTER OF PRIMARY HEALTH CARE” OF ZVYAGEL CITY COUNCIL,0,0,69,99,70,100,1
2fdaf3e713ebc585,"КОМУНАЛЬНЕ НЕКОМЕРЦІЙНЕ ПІДПРИЄМСТВО ""ЦЕНТР МЕДИЧНОЇ РЕАБІЛІТАЦІЇ"" ЗАПОРІЗЬКОЇ ОБЛАСНОЇ РАДИ",MUNICIPAL NON-PROFIT ENTERPRISE ‘MEDICAL REHABILITATION CENTRE OF THE ZAPORIZHZHIA REGIONAL COUNCIL’,3,3,51,74,46,82,1
6cb2717ba64f98fb,"КОМУНАЛЬНЕ НЕКОМЕРЦІЙНЕ ПІДПРИЄМСТВО ""ЦЕНТР ПЕРВИННОЇ МЕДИКО-САНІТАРНОЇ ДОПОМОГИ ПЕЧЕНІЗЬКОЇ СЕЛИЩНОЇ РАДИ""",,3,3,64,97,65,100,1
5ca1217aacc593c2,"КОМУНАЛЬНЕ НЕКОМЕРЦІЙНЕ ПІДПРИЄМСТВО ""ТЕРНОПІЛЬСЬКИЙ ОБЛАСНИЙ ЦЕНТР РЕАБІЛІТАЦІЇ ТА РОЗВИТКУ ДИТИНИ"" ТЕРНОПІЛЬСЬКОЇ ОБЛАСНОЇ РАДИ",,8,8,64,98,65,100,0
03a2a48f895b6228,"КОМУНАЛЬНЕ НЕКОМЕРЦІЙНЕ ПІДПРИЄМСТВО ""ВРАДІЇВСЬКИЙ РАЙОННИЙ ЦЕНТР ПЕРВИННОЇ МЕДИКО-САНІТАРНОЇ ДОПОМОГИ"" ВРАДІЇВСЬКОЇ СЕЛИЩНОЇ РАДИ",,1,0,55,86,54,83,0
9568abe971278de5,"КОМУНАЛЬНЕ НЕКОМЕРЦІЙНЕ ПІДПРИЄМСТВО ""БЕРЕЗНЕГУВАТСЬКА ЦЕНТРАЛЬНА РАЙОННА ЛІКАРНЯ"" БЕРЕЗНЕГУВАТСЬКОЇ СЕЛИЩНОЇ РАДИ",,7,6,54,84,53,80,0
42810d544aeec3c9,"КОМУНАЛЬНЕ НЕКОМЕРЦІЙНЕ ПІДПРИЄМСТВО ""МІСЬКИЙ КЛІНІЧНИЙ ШКІРНО-ВЕНЕРОЛОГІЧНИЙ ДИСПАНСЕР № 5"" ХАРКІВСЬКОЇ МІСЬКОЇ РАДИ",,,,53,100,53,100,1
fc048d7efa064140,"КОМУНАЛЬНЕ НЕКОМЕРЦІЙНЕ ПІДПРИЄМСТВО ""БАЛТСЬКИЙ ЦЕНТР ПЕРВИННОЇ МЕДИКО-САНІТАРНОЇ ДОПОМОГИ"" БАЛТСЬКОЇ МІСЬКОЇ РАДИ ОДЕСЬКОЇ ОБЛАСТІ",,,,12,18,57,83,0
fd89eecdfa79f2a3,"КОМУНАЛЬНЕ НЕКОМЕРЦІЙНЕ ПІДПРИЄМСТВО ""МІСЬКА ПОЛІКЛІНІКА №3"" ХАРКІВСЬКОЇ МІСЬКОЇ РАДИ",,4,1,67,99,68,100,0
eec8852e90cdfc5a,"КОМУНАЛЬНЕ НЕКОМЕРЦІЙНЕ ПІДПРИЄМСТВО ""ЦЕНТРАЛЬНА АМБУЛАТОРІЯ ЗАГАЛЬНОЇ ПРАКТИКИ СІМЕЙНОЇ МЕДИЦИНИ СЕЛА ЮНАКІВКА ЮНАКІВСЬКОЇ СІЛЬСЬКОЇ РАДИ СУМСЬКОГО РАЙОНУ СУМСЬКОЇ ОБЛАСТІ""",,9,8,9,14,67,100,1
9b2d5470c070e5ae,"КОМУНАЛЬНЕ НЕКОМЕРЦІЙНЕ ПІДПРИЄМСТВО ""ТЕРИТОРІАЛЬНЕ МЕДИЧНЕ ОБ'ЄДНАННЯ ""БАГАТОПРОФІЛЬНА ЛІКАРНЯ ІНТЕНСИВНИХ МЕТОДІВ ЛІКУВАННЯ ТА ШВИДКОЇ МЕДИЧНОЇ ДОПОМОГИ"" МЕЛІТОПОЛЬСЬКОЇ МІСЬКОЇ РАДИ ЗАПОРІЗЬКОЇ ОБЛАСТІ",MUNICIPAL NON-PROFIT ENTERPRISE ‘TERRITORIAL MEDICAL ASSOCIATION “MULTIDISCIPLINARY HOSPITAL OF INTENSIVE CARE AND EMERGENCY MEDICAL CARE” OF MELITOPOL CITY COUNCIL OF ZAPORIZHZHIA REGION,1,1,55,79,56,77,1
d3d2c9daf5425dcc,"КОМУНАЛЬНЕ НЕКОМЕРЦІЙНЕ ПІДПРИЄМСТВО ""ПОЛИЦЬКИЙ ЦЕНТР ПЕРВИННОЇ МЕДИКО-САНІТАРНОЇ ДОПОМОГИ"" ПОЛИЦЬКОЇ СІЛЬСЬКОЇ РАДИ",,5,5,9,14,69,100,0
fe2dfb1e2df14816,"КОМУНАЛЬНЕ ПІДПРИЄМСТВО ""НІКОПОЛЬСЬКА ЛІКАРНЯ"" ПОКРОВСЬКОЇ СІЛЬСЬКОЇ РАДИ""",MUNICIPAL ENTERPRISE “NIKOPOL HOSPITAL” OF THE KROVSKY VILLAGE COUNCIL”,4,3,67,99,68,100,1
84e8c33aaf9fefc7,"Комунальне некомерційне підприємство ""Любарська лікарня"" Любарської селищної ради Житомирської області",Municipal Non-Profit Enterprise “Liubarska Hospital” of the Liubar Village Council of Zhytomyr Oblast,4,4,9,13,61,88,0
9ffc49d8fdc0f145,"КОМУНАЛЬНЕ НЕКОМЕРЦІЙНЕ ПІДПРИЄМСТВО ""МІСЬКА ПОЛІКЛІНІКА №11"" ХАРКІВСЬКОЇ МІСЬКОЇ РАДИ",,3,3,66,99,67,100,0
ef998054ae26a449,"КОМУНАЛЬНЕ НЕКОМЕРЦІЙНЕ ПІДПРИЄМСТВО ""МИКОЛАЇВСЬКА АМБУЛАТОРІЯ ЗАГАЛЬНОЇ ПРАКТИКИ СІМЕЙНОЇ МЕДИЦИНИ"" МИКОЛАЇВСЬКОЇ СЕЛИЩНОЇ РАДИ БЕРЕЗІВСЬКОГО РАЙОНУ ОДЕСЬКОЇ ОБЛАСТІ",,8,9,64,99,65,100,1
ae181a88c5217736,"КОМУНАЛЬНЕ НЕКОМЕРЦІЙНЕ ПІДПРИЄМСТВО""ЦЕНТР ПЕРВИННОЇ МЕДИКО-САНІТАРНОЇ ДОПОМОГИ"" КЕРЕЦЬКІВСЬКОЇ СІЛЬСЬКОЇ РАДИ ХУСТСЬКОГО РАЙОНУ ЗАКАРПАТСЬКОЇ ОБЛАСТІ","MUNICIPAL NON-PROFIT ENTERPRISE “CENTER OF PRIMARY HEALTH CARE” OF KERETSKE VILLAGE COUNCIL OF KHUST DISTRICT, KARPATHIAN REGION",3,3,71,99,73,100,1
5ac66904551a4085,"КОМУНАЛЬНЕ НЕКОМЕРЦІЙНЕ ПІДПРИЄМСТВО ""ШВАЙКІВСЬКИЙ ЦЕНТР ПЕРВИННОЇ МЕДИКО-САНІТАРНОЇ ДОПОМОГИ"" БЕРДИЧІВСЬКОГО РАЙОНУ ЖИТОМИРСЬКОЇ ОБЛАСТІ","MUNICIPAL NON-PROFIT ENTERPRISE “SHVAYKIV PRIMARY HEALTH CARE CENTER” OF BERDYCHIV DISTRICT, ZHYTOMYR REGION",4,4,68,90,70,92,0
48cac1a9d2b4b7bc,"КОМУНАЛЬНЕ НЕКОМЕРЦІЙНЕ ПІДПРИЄМСТВО ""БРАТСЬКИЙ ЦЕНТР ПЕРВИННОЇ МЕДИКО-САНІТАРНОЇ ДОПОМОГИ"" БРАТСЬКОЇ СЕЛИЩНОЇ РАДИ МИКОЛАЇВСЬКОЇ ОБЛАСТІ",,8,7,11,17,53,80,0
1a406cd4c9ea1949,"КОМУНАЛЬНЕ НЕКОМЕРЦІЙНЕ ПІДПРИЄМСТВО ""БЕРЕЗІВСЬКИЙ МІСЬКИЙ ЦЕНТР ПЕРВИННОЇ МЕДИКО-САНІТАРНОЇ ДОПОМОГИ"" БЕРЕЗІВСЬКОЇ МІСЬКОЇ РАДИ ОДЕСЬКОЇ ОБЛАСТІ",,8,9,65,96,65,94,1
37df3a1e720b895f,"Комунальне некомерційне підприємство ""Новооржицький центр первинної медико-санітарної допомоги"" Новооржицької селищної ради",,9,7,7,12,66,100,0
3c5d11234a83d55e,"Комунальне некомерційне підприємство ""Тальнівський центр первинної медико-санітарної допомоги"" Тальнівської міської ради",,1,1,9,14,70,100,1
46e598479126b265,"КОМУНАЛЬНЕ НЕКОМЕРЦІЙНЕ ПІДПРИЄМСТВО ""ТРОСТЯНЕЦЬКИЙ ЦЕНТР ПЕРВИННОЇ МЕДИКО-САНІТАРНОЇ ДОПОМОГИ"" ТРОСТЯНЕЦЬКОЇ СЕЛИЩНОЇ РАДИ",MUNICIPAL NON-PROFIT ENTERPRISE “TROSTYANETS PRIMARY HEALTH CARE CENTER” OF TROSTYANETS VILLAGE COUNCIL,1,1,63,100,63,100,1
94b42b1ab7796955,"КОМУНАЛЬНЕ НЕКОМЕРЦІЙНЕ ПІДПРИЄМСТВО ""ЯКИМІВСЬКА ЦЕНТРАЛЬНА РАЙОННА ЛІКАРНЯ"" ЯКИМІВСЬКОЇ СЕЛИЩНОЇ РАДИ ЯКИМІВСЬКОГО РАЙОНУ ЗАПОРІЗЬКОЇ ОБЛАСТІ","MUNICIPAL NON-PROFIT ENTERPRISE ‘YAKYMIVKA CENTRAL DISTRICT HOSPITAL’ OF YAKYMIVKA VILLAGE COUNCIL OF YAKYMIVKA DISTRICT, ZAPORIZHZHIA REGION",1,4,10,12,77,92,1
feaffa3c2e3f94f1,"КОМУНАЛЬНЕ НЕКОМЕРЦІЙНЕ ПІДПРИЄМСТВО ""БУРШТИНСЬКА ЦЕНТРАЛЬНА МІСЬКА ЛІКАРНЯ"" БУРШТИНСЬКОЇ МІСЬКОЇ РАДИ ІВАНО-ФРАНКІВСЬКОЇ ОБЛАСТІ",MUNICIPAL NON-PROFIT ENTERPRISE ‘BURSHTYN CENTRAL CITY HOSPITAL’ OF BURSHTYN CITY COUNCIL OF IVANO-FRANKIVSK REGION,6,7,32,48,45,66,0
dc30ebf8d9f9eada,"КОМУНАЛЬНЕ НЕКОМЕРЦІЙНЕ ПІДПРИЄМСТВО ""КРАСНОПІЛЬСЬКИЙ ЦЕНТР ПЕРВИННОЇ МЕДИКО-САНІТАРНОЇ ДОПОМОГИ"" КРАСНОПІЛЬСЬКОЇ СЕЛИЩНОЇ РАДИ",,4,4,66,95,67,100,1
d6beff125b924e07,"КОМУНАЛЬНЕ НЕКОМЕРЦІЙНЕ ПІДПРИЄМСТВО ""КИЇВСЬКА МІСЬКА НАРКОЛОГІЧНА КЛІНІЧНА ЛІКАРНЯ ""СОЦІОТЕРАПІЯ""  ВИКОНАВЧОГО ОРГАНУ КИЇВСЬКОЇ МІСЬКОЇ РАДИ (КИЇВСЬКОЇ МІСЬКОЇ ДЕРЖАВНОЇ АДМІНІСТРАЦІЇ)",,6,,68,98,70,100,0
e12fb8c47fe62d34,"КОМУНАЛЬНЕ НЕКОМЕРЦІЙНЕ ПІДПРИЄМСТВО ""СНОВСЬКИЙ ЦЕНТР ПЕРВИННОЇ МЕДИЧНОЇ ДОПОМОГИ"" СНОВСЬКОЇ МІСЬКОЇ РАДИ КОРЮКІВСЬКОГО РАЙОНУ ЧЕРНІГІВСЬКОЇ ОБЛАСТІ",,4,4,65,95,65,92,0
7d7d3db173ff0c55,"КОМУНАЛЬНЕ НЕКОМЕРЦІЙНЕ ПІДПРИЄМСТВО ""МАГДАЛИНІВСЬКИЙ ЦЕНТР ПЕРВИННОЇ МЕДИКО-САНІТАРНОЇ ДОПОМОГИ"" МАГДАЛИНІВСЬКОЇ СЕЛИЩНОЇ РАДИ ДНІПРОПЕТРОВСЬКОЇ ОБЛАСТІ","MUNICIPAL NON-PROFIT ENTERPRISE “MAGDALYNIVKA PRIMARY HEALTH CARE CENTER” OF MAGDALYNIVKA VILLAGE COUNCIL, DNIPROPETROVS'K REGION",3,1,9,12,64,91,1
ad52677ff880034d,КОМУНАЛЬНЕ НЕКОМЕРЦІЙНЕ ПІДПРИЄМСТВО ''ЗБОРІВСЬКИЙ ЦЕНТР ПЕРВИННОЇ МЕДИКО-САНІТАРНОЇ ДОПОМОГИ'' ЗБОРІВСЬКОЇ МІСЬКОЇ РАДИ,,6,5,8,12,67,100,0
6d78074a60f98587,"КОМУНАЛЬНЕ НЕКОМЕРЦІЙНЕ ПІДПРИЄМСТВО "" ДОМАНІВСЬКИЙ ЦЕНТР ПЕРВИННОЇ МЕДИКО - САНІТАРНОЇ ДОПОМОГИ "" ДОМАНІВСЬКОЇ  СЕЛИЩНОЇ РАДИ",,4,4,66,98,68,100,0
5be9588d713db6c9,"КОМУНАЛЬНЕ ПІДПРИЄМСТВО ""ВІЛЬНОГІРСЬКИЙ МІСЬКИЙ ЦЕНТР ПЕРВИННОЇ МЕДИКО-САНІТАРНОЇ ДОПОМОГИ"" ВІЛЬНОГІРСЬКОЇ МІСЬКОЇ РАДИ ДНІПРОПЕТРОВСЬКОЇ ОБЛАСТІ",MUNICIPAL ENTERPRISE “VOLNOVOHIRSK CITY CENTER OF PRIMARY HEALTH CARE” OF VOLNOVOHIRSK CITY COUNCIL OF DNIPROPETROVS'K REGION,6,5,66,96,67,90,0
e6fc03a9790087fd,"КОМУНАЛЬНЕ НЕКОМЕРЦІЙНЕ ПІДПРИЄМСТВО ""ВОЛОДИМИРЕЦЬКА БАГАТОПРОФІЛЬНА ЛІКАРНЯ""  ВОЛОДИМИРЕЦЬКОЇ СЕЛИЩНОЇ РАДИ",,8,8,10,12,84,100,0
7ae38934204aeb68,"Комунальне некомерційне підприємство ""Центр первинної медико-санітарної допомоги""  Миколаївської міської ради Краматорського району Донецької області","Municipal non-profit enterprise “Center for Primary Health Care” of Mykolaiv City Council, Kramatorsk District, Donetsk Region",8,8,63,96,59,95,0
9067b5182be214e6,"КОМУНАЛЬНЕ НЕКОМЕРЦІЙНЕ ПІДПРИЄМСТВО ""ПЕТРІВСЬКА ЦЕНТРАЛЬНА ЛІКАРНЯ"" ПЕТРІВСЬКОЇ СЕЛИЩНОЇ РАДИ ОЛЕКСАНДРІЙСЬКОГО РАЙОНУ КІРОВОГРАДСЬКОЇ ОБЛАСТІ",MUNICIPAL NON-PROFIT ENTERPRISE ‘PETRIVSKE CENTRAL HOSPITAL’ OF PETRIVSKE VILLAGE COUNCIL OF OLEXANDRIYSKIY DISTRICT OF KYROVOHRAD REGION,6,4,9,13,66,100,1
b729d716a345b139,"КОМУНАЛЬНЕ НЕКОМЕРЦІЙНЕ ПІДПРИЄМСТВО ""ОДЕСЬКА ОБЛАСНА КЛІНІЧНА ЛІКАРНЯ"" ОДЕСЬКОЇ ОБЛАСНОЇ РАДИ""",,0,1,12,27,20,22,1
c2e61678d6613cb7,"КОМУНАЛЬНЕ ПІДПРИЄМСТВО ""ЦЕНТР ПЕРВИННОЇ МЕДИКО-САНІТАРНОЇ ДОПОМОГИ НЕХВОРОЩАНСЬКОЇ СІЛЬСЬКОЇ РАДИ ПОЛТАВСЬКОГО РАЙОНУ ПОЛТАВСЬКОЇ ОБЛАСТІ""",,5,6,56,82,58,83,0
c9a7c2aaa5902a8a,"КОМУНАЛЬНЕ НЕКОМЕРЦІЙНЕ ПІДПРИЄМСТВО ""ВЕЛИКОВИСКІВСЬКИЙ ЦЕНТР ПЕРВИННОЇ МЕДИКО-САНІТАРНОЇ  ДОПОМОГИ МАР'ЯНІВСЬКОЇ СІЛЬСЬКОЇ РАДИ НОВОУКРАЇНСЬКОГО РАЙОНУ КІРОВОГРАДСЬКОЇ ОБЛАСТІ""","MUNICIPAL NON-PROFIT ENTERPRISE ‘VELYKOVYSKE PRIMARY HEALTHCARE CENTRE OF MARIANIVKA VILLAGE COUNCIL OF NOVOUKRAINSK DISTRICT, KYROVOHRAD REGION’",6,5,25,32,65,84,0
e1e701273bee6100,"КОМУНАЛЬНЕ НЕКОМЕРЦІЙНЕ ПІДПРИЄМСТВО ""КОМПАНІЇВСЬКА  ЛІКАРНЯ КОМПАНІЇВСЬКОЇ СЕЛИЩНОЇ РАДИ КРОПИВНИЦЬКОГО РАЙОНУ КІРОВОГРАДСЬКОЇ ОБЛАСТІ""","MUNICIPAL NON-PROFIT ENTERPRISE ‘KOMPANIIVKA HOSPITAL OF KOMPANIIVKA VILLAGE COUNCIL OF KROPYVNYTSKYI DISTRICT, KYROVOHRAD REGION’",6,4,66,100,66,100,0
e9eed2ef4dc3853a,"КОМУНАЛЬНЕ НЕКОМЕРЦІЙНЕ ПІДПРИЄМСТВО ""ХЕРСОНСЬКА МІСЬКА КЛІНІЧНА ЛІКАРНЯ ІМЕНІ О.С.ЛУЧАНСЬКОГО"" ХЕРСОНСЬКОЇ МІСЬКОЇ РАДИ",,4,3,12,19,48,78,0
b6bf432f946d99fe,"КОМУНАЛЬНЕ НЕКОМЕРЦІЙНЕ ПІДПРИЄМСТВО БАЛАКЛІЙСЬКОЇ МІСЬКОЇ  РАДИ ХАРКІВСЬКОЇ ОБЛАСТІ ""БАЛАКЛІЙСЬКА  КЛІНІЧНА БАГАТОПРОФІЛЬНА   ЛІКАРНЯ ІНТЕНСИВНОГО ЛІКУВАННЯ""",,8,9,68,99,69,100,0
bcc8c52eaa5f261e,"КОМУНАЛЬНЕ НЕКОМЕРЦІЙНЕ ПІДПРИЄМСТВО ""ЦЕНТР ПЕРВИННОЇ МЕДИКО-САНІТАРНОЇ ДОПОМОГИ ВОЛНОВАСЬКОЇ МІСЬКОЇ ТЕРИТОРІАЛЬНОЇ ГРОМАДИ""",MUNICIPAL NON-PROFIT ENTERPRISE “CENTER OF PRIMARY HEALTH CARE OF VOLNOVAKHA CITY TERRITORIAL COMMUNITY”,9,9,54,80,49,86,0
9e6e0339ed420408,"КОМУНАЛЬНЕ НЕКОМЕРЦІЙНЕ ПІДПРИЄМСТВО ""ТЕРНОПІЛЬСЬКИЙ ОБЛАСНИЙ КЛІНІЧНИЙ  ПЕРИНАТАЛЬНИЙ ЦЕНТР ""МАТИ І ДИТИНА"" ТЕРНОПІЛЬСЬКОЇ ОБЛАСНОЇ РАДИ",,5,4,66,100,66,100,0
721695c0c61ed297,"КОМУНАЛЬНЕ НЕКОМЕРЦІЙНЕ ПІДПРИЄМСТВО ""СМІЛЯНСЬКА МІСЬКА ЛІКАРНЯ"" СМІЛЯНСЬКОЇ МІСЬКОЇ РАДИ",,6,6,9,13,68,100,0
fe62a6e6ed344353,"КОМУНАЛЬНЕ НЕКОМЕРЦІЙНЕ ПІДПРИЄМСТВО ""ЧЕРНІГІВСЬКА МІСЬКА ЛІКАРНЯ № 3""  ЧЕРНІГІВСЬКОЇ МІСЬКОЇ РАДИ",,8,,67,99,67,100,0
dfff7ef325ec0ef9,"КОМУНАЛЬНЕ ПІДПРИЄМСТВО ""ДНІПРОПЕТРОВСЬКА БАГАТОПРОФІЛЬНА КЛІНІЧНА ЛІКАРНЯ З НАДАННЯ ПСИХІАТРИЧНОЇ ДОПОМОГИ"" ДНІПРОПЕТРОВСЬКОЇ ОБЛАСНОЇ РАДИ""",MUNICIPAL ENTERPRISE “DNIPROPETROVS'K MULTIDISCIPLINARY CLINICAL HOSPITAL FOR PSYCHIATRIC CARE OF DNIPROPETROVS'K REGIONAL COUNCIL”,5,4,58,84,58,83,0
e5b5fa21135a2dc7,"КОМУНАЛЬНЕ НЕКОМЕРЦІЙНЕ ПІДПРИЄМСТВО ""МИКОЛАЇВСЬКА ОБЛАСНА КЛІНІЧНА ЛІКАРНЯ"" МИКОЛАЇВСЬКОЇ ОБЛАСНОЇ РАДИ",,0,3,53,82,51,78,0
100d9067c8083b7e,"КОМУНАЛЬНЕ НЕКОМЕРЦІЙНЕ ПІДПРИЄМСТВО ""ВЕЛИКОПИСАРІВСЬКИЙ ЦЕНТР ПЕРВИННОЇ МЕДИКО-САНІТАРНОЇ ДОПОМОГИ""  ВЕЛИКОПИСАРІВСЬКОЇ СЕЛИЩНОЇ РАДИ",,,,66,97,67,100,0
51d8854d12bf6943,"КОМУНАЛЬНЕ НЕКОМЕРЦІЙНЕ ПІДПРИЄМСТВО ""ТЕПЛОДАРСЬКИЙ ЦЕНТР ПЕРВИННОЇ МЕДИКО-САНІТАРНОЇ ДОПОМОГИ"" ТЕПЛОДАРСЬКОЇ МІСЬКОЇ РАДИ ОДЕСЬКОГО РАЙОНУ ОДЕСЬКОЇ ОБЛАСТІ",,4,3,65,88,65,88,0
3f403f505735384a,"КОМУНАЛЬНЕ НЕКОМЕРЦІЙНЕ ПІДПРИЄМСТВО ""ВИСОКОПІЛЬСЬКА ЛІКАРНЯ"" ВИСОКОПІЛЬСЬКОЇ СЕЛИЩНОЇ РАДИ БЕРИСЛАВСЬКОГО РАЙОНУ ХЕРСОНСЬКОЇ ОБЛАСТІ",,4,4,67,100,68,97,0
0f44e1e904fa3205,"КОМУНАЛЬНЕ НЕКОМЕРЦІЙНЕ ПІДПРИЄМСТВО ""ОЛЕКСАНДРІВСЬКИЙ ЦЕНТР ПЕРВИННОЇ МЕДИКО-САНІТАРНОЇ ДОПОМОГИ""",,4,4,51,80,49,76,0
6d62392799af693c,"КОМУНАЛЬНЕ ПІДПРИЄМСТВО ""БАЛТСЬКА БАГАТОПРОФІЛЬНА ЛІКАРНЯ"" БАЛТСЬКОЇ МІСЬКОЇ РАДИ ОДЕСЬКОЇ ОБЛАСТІ",,6,5,9,13,68,100,0
50850dd081b693dd,"КОМУНАЛЬНЕ НЕКОМЕРЦІЙНЕ ПІДПРИЄМСТВО СУМСЬКОЇ ОБЛАСНОЇ РАДИ ""СУМСЬКИЙ ОБЛАСНИЙ СПЕЦІАЛІЗОВАНИЙ ДИСПАНСЕР РАДІАЦІЙНОГО ЗАХИСТУ НАСЕЛЕННЯ""",,0,3,66,99,67,96,0
5191497d6f4e2022,"КОМУНАЛЬНЕ ПІДПРИЄМСТВО ""ВОЛОДИМИРСЬКА СТОМАТОЛОГІЧНА ПОЛІКЛІНІКА"" ВОЛОДИМИРСЬКОЇ МІСЬКОЇ РАДИ",MUNICIPAL ENTERPRISE “VOLODYMYR DENTAL CLINIC” OF THE VOLODYMYR CITY COUNCIL,4,4,11,14,47,62,0
ad1ade1e8ba3fe90,"КОМУНАЛЬНЕ НЕКОМЕРЦІЙНЕ ПІДПРИЄМСТВО ЛЬВІВСЬКОЇ ОБЛАСНОЇ РАДИ ""ЛЬВІВСЬКИЙ РЕГІОНАЛЬНИЙ ФТИЗІОПУЛЬМОНОЛОГІЧНИЙ КЛІНІЧНИЙ ЛІКУВАЛЬНО-ДІАГНОСТИЧНИЙ ЦЕНТР""",,6,6,61,100,61,100,1
f5de10e8ecbbff33,"КОМУНАЛЬНЕ НЕКОМЕРЦІЙНЕ ПІДПРИЄМСТВО ""ЄЛАНЕЦЬКИЙ  ЦЕНТР ПЕРВИННОЇ МЕДИКО-САНІТАРНОЇ ДОПОМОГИ"" ЄЛАНЕЦЬКОЇ СЕЛИЩНОЇ РАДИ МИКОЛАЇВСЬКОЇ ОБЛАСТІ",,7,6,50,76,49,73,0
8f22508e77d287a1,"КОМУНАЛЬНЕ НЕКОМЕРЦІЙНЕ ПІДПРИЄМСТВО ""ЦЕНТР ПЕРВИННОЇ МЕДИКО-САНІТАРНОЇ ДОПОМОГИ"" ДИВІЗІЙСЬКОЇ СІЛЬСЬКОЇ РАДИ",,1,3,64,98,65,100,0
4772e7779dae49ee,"КОМУНАЛЬНЕ НЕКОМЕРЦІЙНЕ ПІДПРИЄМСТВО ""ВАСИЛІВСЬКИЙ ЦЕНТР ПЕРВИННОЇ МЕДИКО-САНІТАРНОЇ ДОПОМОГИ"" ВАСИЛІВСЬКОЇ МІСЬКОЇ РАДИ ЗАПОРІЗЬКОЇ ОБЛАСТІ",MUNICIPAL NON-PROFIT ENTERPRISE ‘VASYLIV PRIMARY HEALTHCARE CENTRE’ OF VASYLIV CITY COUNCIL OF ZAPORIZHZHIA REGION,3,4,65,92,66,92,1
5d318e9ec0035339,"КОМУНАЛЬНЕ НЕКОМЕРЦІЙНЕ ПІДПРИЄМСТВО ""МІСЬКИЙ КЛІНІЧНИЙ ШКІРНО-ВЕНЕРОЛОГІЧНИЙ ДИСПАНСЕР № 5"" ХАРКІВСЬКОЇ МІСЬКОЇ РАДИ",,5,5,62,100,62,100,1
f4e08e3185614cdd,"КОМУНАЛЬНЕ НЕКОМЕРЦІЙНЕ ПІДПРИЄМСТВО ""МИКОЛАЇВСЬКИЙ РЕГІОНАЛЬНИЙ ФТИЗІОПУЛЬМОНОЛОГІЧНИЙ МЕДИЧНИЙ ЦЕНТР"" МИКОЛАЇВСЬКОЇ ОБЛАСНОЇ РАДИ",,5,5,8,11,47,83,1
04b88203aea2b5bb,"КОМУНАЛЬНЕ НЕКОМЕРЦІЙНЕ ПІДПРИЄМСТВО ""БАХМАЦЬКИЙ МІСЬКИЙ ЦЕНТР ПЕРВИННОЇ МЕДИКО-САНІТАРНОЇ ДОПОМОГИ""  БАХМАЦЬКОЇ МІСЬКОЇ РАДИ ЧЕРНІГІВСЬКОЇ ОБЛАСТІ",,5,,65,95,65,92,0
d30d82f73554fb64,"КОМУНАЛЬНЕ НЕКОМЕРЦІЙНЕ ПІДПРИЄМСТВО ЛЬВІВСЬКОЇ ОБЛАСНОЇ РАДИ ""ЛЬВІВСЬКИЙ ОБЛАСНИЙ КЛІНІЧНИЙ ДІАГНОСТИЧНИЙ ЦЕНТР""",,5,8,44,71,43,75,1
72a16df29176f876,"КОМУНАЛЬНЕ НЕКОМЕРЦІЙНЕ ПІДПРИЄМСТВО ""ХЕРСОНСЬКИЙ ОБЛАСНИЙ ЗАКЛАД З НАДАННЯ ПСИХІАТРИЧНОЇ ДОПОМОГИ"" ХЕРСОНСЬКОЇ ОБЛАСНОЇ РАДИ",,4,4,53,85,52,82,0
76914c33d803acc5,"КОМУНАЛЬНЕ НЕКОМЕРЦІЙНЕ ПІДПРИЄМСТВО ""ЦЕНТР ПЕРВИННОЇ МЕДИКО-САНІТАРНОЇ ДОПОМОГИ"" ДЕРГАЧІВСЬКОЇ МІСЬКОЇ РАДИ ХАРКІВСЬКОЇ ОБЛАСТІ",,5,6,13,18,38,53,0
8985f551d8fb5830,"КОМУНАЛЬНЕ НЕКОМЕРЦІЙНЕ ПІДПРИЄМСТВО ""ЦЕНТР ПЕРВИННОЇ МЕДИЧНОЇ ДОПОМОГИ"" НОВООЛЕКСАНДРІВСЬКОЇ СІЛЬСЬКОЇ РАДИ ДНІПРОВСЬКОГО РАЙОНУ ДНІПРОПЕТРОВСЬКОЇ ОБЛАСТІ""",MUNICIPAL NON-PROFIT ENTERPRISE “PRIMARY HEALTH CARE CENTER OF NOVOOLEKSANDRIVKA VILLAGE COUNCIL OF DNIPRO DISTRICT OF DNIPRO REGION”,,,64,92,63,91,1
17300aed7b782ad0,"КОМУНАЛЬНЕ НЕКОМЕРЦІЙНЕ ПІДПРИЄМСТВО ""Казанківська багатопрофільна лікарня"" Казанківської селищної ради",,3,0,52,82,50,78,1
86fb98cb0de584d7,"КОМУНАЛЬНЕ ПІДПРИЄМСТВО ""БЛИЗНЮКІВСЬКА ЦЕНТРАЛЬНА РАЙОННА ЛІКАРНЯ"" БЛИЗНЮКІВСЬКОЇ СЕЛИЩНОЇ РАДИ ЛОЗІВСЬКОГО РАЙОНУ ХАРКІВСЬКОЇ ОБЛАСТІ",,,,68,100,69,97,0
a03c621baa7f7c26,"КОМУНАЛЬНЕ НЕКОМЕРЦІЙНЕ ПІДПРИЄМСТВО ""КИЇВСЬКИЙ МІСЬКИЙ ДИТЯЧИЙ ДІАГНОСТИЧНИЙ ЦЕНТР"" ВИКОНАВЧОГО ОРГАНУ КИЇВСЬКОЇ МІСЬКОЇ РАДИ  (КИЇВСЬКОЇ МІСЬКОЇ ДЕРЖАВНОЇ АДМІНІСТРАЦІЇ)",,7,,71,100,71,100,0
ac1606b0cec81fde,"КОМУНАЛЬНЕ НЕКОМЕРЦІЙНЕ ПІДПРИЄМСТВО ""ЦЕНТР ПЕРВИННОЇ МЕДИКО-САНІТАРНОЇ ДОПОМОГИ"" БАБЧИНЕЦЬКОЇ СІЛЬСЬКОЇ РАДИ МОГИЛІВ-ПОДІЛЬСЬКОГО РАЙОНУ ВІННИЦЬКОЇ ОБЛАСТІ",,4,1,63,93,60,93,1
e1438dc8a66222b5,"КОМУНАЛЬНЕ ПІДПРИЄМСТВО  ""ЦУМАНСЬКА ЛІКАРНЯ ЦУМАНСЬКОЇ СЕЛИЩНОЇ РАДИ""",MUNICIPAL ENTERPRISE “TSUMANSKA HOSPITAL OF TSUMANSKE VILLAGE COUNCIL”,4,5,10,16,66,100,0
349a77f2acab491d,"КОМУНАЛЬНЕ НЕКОМЕРЦІЙНЕ ПІДПРИЄМСТВО ""ДИТЯЧА МІСЬКА КЛІНІЧНА ЛІКАРНЯ № 3"" ОДЕСЬКОЇ МІСЬКОЇ РАДИ",,8,9,55,86,64,100,1
771acce9e777f662,"КОМУНАЛЬНЕ НЕКОМЕРЦІЙНЕ ПІДПРИЄМСТВО ""ВОЛОЦЬКА СІЛЬСЬКА АМБУЛАТОРІЯ ЗАГАЛЬНОЇ ПРАКТИКИ - СІМЕЙНОЇ МЕДИЦИНИ"" ВОЛОКІВСЬКОЇ СІЛЬСЬКОЇ РАДИ ЧЕРНІВЕЦЬКОГО РАЙОНУ ЧЕРНІВЕЦЬКОЇ ОБЛАСТІ",,9,9,72,96,69,96,1
375a9bd59a7243db,"КОМУНАЛЬНЕ НЕКОМЕРЦІЙНЕ ПІДПРИЄМСТВО ""ВЕРХНЬОДНІПРОВСЬКИЙ ЦЕНТР ПЕРВИННОЇ МЕДИКО-САНІТАРНОЇ ДОПОМОГИ"" ВЕРХНЬОДНІПРОВСЬКОЇ МІСЬКОЇ РАДИ",MUNICIPAL NON-PROFIT ENTERPRISE “VERKHNEDNEPROVSKY PRIMARY HEALTH CARE CENTER” OF THE VERKHNEDNEPROVSKY CITY COUNCIL,5,4,66,99,67,98,0
09b2cf1518f31055,"КОМУНАЛЬНЕ НЕКОМЕРЦІЙНЕ ПІДПРИЄМСТВО ""ІРШАВСЬКА МІСЬКА ЛІКАРНЯ"" ІРШАВСЬКОЇ МІСЬКОЇ РАДИ ЗАКАРПАТСЬКОЇ ОБЛАСТІ",MUNICIPAL NON-PROFIT ENTERPRISE “IRSHAVA CITY HOSPITAL” OF IRSHAVA CITY COUNCIL OF THE TRANSCARPATHIAN REGION,6,5,12,13,55,73,0
99c1f8bf7fe67acc,"КОМУНАЛЬНЕ НЕКОМЕРЦІЙНЕ ПІДПРИЄМСТВО ""КОПАЙГОРОДСЬКИЙ ЦЕНТР ПЕРВИННОЇ МЕДИКО-САНІТАРНОЇ ДОПОМОГИ КОПАЙГОРОДСЬКОЇ СЕЛИЩНОЇ РАДИ""",MUNICIPAL NON-PROFIT ENTERPRISE “KOPAYHOROD PRIMARY HEALTH CARE CENTER OF KOPAYHOROD VILLAGE COUNCIL”,6,3,66,98,68,100,1
fa3ad023e1216102,"КОМУНАЛЬНЕ НЕКОМЕРЦІЙНЕ ПІДПРИЄМСТВО ""СОСНІВСЬКА МІСЬКА ЛІКАРНЯ  ЧЕРВОНОГРАДСЬКОЇ МІСЬКОЇ РАДИ""",,4,6,42,80,44,75,0
e67661bd13570585,"КОМУНАЛЬНЕ НЕКОМЕРЦІЙНЕ ПІДПРИЄМСТВО ""ЛІКАРНЯ ІМЕНІ БРАТІВ М.С. І О.С. КОЛОМІЙЧЕНКІВ"" ШПОЛЯНСЬКОЇ МІСЬКОЇ РАДИ ОБ'ЄДНАНОЇ ТЕРИТОРІАЛЬНОЇ ГРОМАДИ",,7,7,61,94,64,100,1
b06ca59d594efda3,"Комунальне некомерційне підприємство ""Центр первинної медико-санітарної допомоги Сенчанської сільської ради"" Полтавської області",,4,5,8,11,63,91,0
2f1c5861b3923b34,"КОМУНАЛЬНЕ НЕКОМЕРЦІЙНЕ ПІДПРИЄМСТВО ""ЦЕНТР ПЕРВИННОЇ МЕДИКО-САНІТАРНОЇ ДОПОМОГИ"" МЕЛІТОПОЛЬСЬКОЇ МІСЬКОЇ РАДИ ЗАПОРІЗЬКОЇ ОБЛАСТІ",MUNICIPAL NON-PROFIT ENTERPRISE ‘PRIMARY HEALTHCARE CENTRE’ OF MELITOPOL CITY COUNCIL OF ZAPORIZHZHIA REGION,,,60,91,58,92,1
4296e30cc8e12401,"Комунальне некомерційне підприємство Красненської селищної ради Золочівського району Львівської області ""Красненська міська лікарня""",,6,5,9,13,70,100,1
005cd6e5ced4d39f,"КОМУНАЛЬНЕ НЕКОМЕРЦІЙНЕ ПІДПРИЄМСТВО ""ІЧНЯНСЬКИЙ ЦЕНТР ПЕРВИННОЇ МЕДИКО-САНІТАРНОЇ ДОПОМОГИ"" ІЧНЯНСЬКОЇ МІСЬКОЇ РАДИ",,7,5,14,16,25,31,0
1bb261e4465e0285,"КОМУНАЛЬНЕ НЕКОМЕРЦІЙНЕ ПІДПРИЄМСТВО ""ВЕЛИКОМИХАЙЛІВСЬКИЙ ЦЕНТР ПЕРВИННОЇ МЕДИКО-САНІТАРНОЇ ДОПОМОГИ"" ВЕЛИКОМИХАЙЛІВСЬКОЇ СЕЛИЩНОЇ РАДИ",,3,4,68,99,68,98,0
2ea4028facbeb68a,"КОМУНАЛЬНЕ НЕКОМЕРЦІЙНЕ ПІДПРИЄМСТВО ""НЕДРИГАЙЛІВСЬКА ЛІКАРНЯ"" НЕДРИГАЙЛІВСЬКОЇ СЕЛИЩНОЇ РАДИ СУМСЬКОЇ ОБЛАСТІ",,,,8,12,66,100,1
becb5f2f4f854e92,"КОМУНАЛЬНЕ НЕКОМЕРЦІЙНЕ ПІДПРИЄМСТВО СУМСЬКОЇ ОБЛАСНОЇ РАДИ ""СУМСЬКИЙ ОБЛАСНИЙ ЦЕНТР ЕКСТРЕНОЇ МЕДИЧНОЇ ДОПОМОГИ ТА МЕДИЦИНИ КАТАСТРОФ""",,4,4,67,100,67,100,0
c7e287650392d6ee,"КОМУНАЛЬНЕ ПІДПРИЄМСТВО ""ПЕРВОМАЙСЬКИЙ РАЙОННИЙ ЦЕНТР ПЕРВИННОЇ МЕДИКО-САНІТАРНОЇ ДОПОМОГИ"" КАМ'ЯНОМОСТІВСЬКОЇ СІЛЬСЬКОЇ РАДИ ПЕРВОМАЙСЬКОГО РАЙОНУ МИКОЛАЇВСЬКОЇ ОБЛАСТІ",,3,3,51,76,50,74,1
b1abe29803ccdbb0,"КОМУНАЛЬНЕ НЕКОМЕРЦІЙНЕ ПІДПРИЄМСТВО ""ЦЕНТРАЛЬНА МІСЬКА КЛІНІЧНА ЛІКАРНЯ ІВАНО-ФРАНКІВСЬКОЇ МІСЬКОЇ РАДИ""",MUNICIPAL NON-PROFIT ENTERPRISE ‘CENTRAL CITY CLINICAL HOSPITAL OF IVANO-FRANKIVSK CITY COUNCIL’,3,3,13,17,60,78,1
3ea0107244cc3b7d,"КОМУНАЛЬНЕ НЕКОМЕРЦІЙНЕ ПІДПРИЄМСТВО "" ЛЬВІВСЬКЕ ТЕРИТОРІАЛЬНЕ МЕДИЧНЕ ОБ'ЄДНАННЯ "" КЛІНІЧНА ЛІКАРНЯ ПЛАНОВОГО ЛІКУВАННЯ , РЕАБІЛІТАЦІЇ ТА ПАЛІАТИВНОЇ ДОПОМОГИ""",,4,4,10,13,68,100,0
247abceb7251ed85,"КОМУНАЛЬНЕ НЕКОМЕРЦІЙНЕ ПІДПРИЄМСТВО ""КЛІНІЧНА СТОМАТОЛОГІЧНА ПОЛІКЛІНІКА"" СУМСЬКОЇ МІСЬКОЇ РАДИ",,,,8,11,70,100,1
5b7d01d414b7edf5,"КОМУНАЛЬНЕ НЕКОМЕРЦІЙНЕ ПІДПРИЄМСТВО ""БАГАТОПРОФІЛЬНИЙ ШПИТАЛЬ ВЕТЕРАНІВ"" ОДЕСЬКОЇ ОБЛАСНОЇ РАДИ""",,5,3,53,71,47,83,1
bdf5f7173034e1b7,"Комунальне некомерційне підприємство ""Амбулаторія загальної практики сімейної медицини"" Квітневої сільської ради Житомирського району Житомирської області","Municipal Non-Profit Enterprise “Outpatient Clinic of General Practice of Family Medicine” of the Kvitneve Village Council of Zhytomyr District, Zhytomyr Region",5,5,63,93,63,94,0
4dc8aab3eea6bec4,"КОМУНАЛЬНЕ НЕКОМЕРЦІЙНЕ ПІДПРИЄМСТВО СЛОВ'ЯНСЬКОЇ МІСЬКОЇ РАДИ ""МІСЬКА КЛІНІЧНА ЛІКАРНЯ М. СЛОВ'ЯНСЬКА""",MUNICIPAL NON-PROFIT ENTERPRISE MUNICIPAL NON-PROFIT ENTERPRISE OF THE SLAVIC CITY COUNCIL “CITY CLINICAL HOSPITAL OF SLAVIANSK”,9,9,9,15,64,100,0
bcf6a8d890188316,"КОМУНАЛЬНЕ НЕКОМЕРЦІЙНЕ ПІДПРИЄМСТВО ""ЦЕНТР ПЕРВИННОЇ МЕДИКО-САНІТАРНОЇ ДОПОМОГИ СЕРЕДНЯНСЬКОЇ СЕЛИЩНОЇ РАДИ УЖГОРОДСЬКОГО РАЙОНУ ЗАКАРПАТСЬКОЇ ОБЛАСТІ""",MUNICIPAL NON-PROFIT ENTERPRISE “CENTER OF PRIMARY HEALTH CARE OF SREDNYANSKY VILLAGE COUNCIL OF UZHHOROD DISTRICT OF THE KARPATHIAN REGION”,5,5,71,99,73,100,0
d9787779b63bfb71,"Комунальне некомерційне підприємство ""Казанківський центр первинної медико-санітарної допомоги"" Казанківської селищної ради",,5,4,53,83,53,82,1
77038b6981296377,"КОМУНАЛЬНЕ НЕКОМЕРЦІЙНЕ ПІДПРИЄМСТВО ""ЦЕНТР ПЕРВИННОЇ МЕДИКО-САНІТАРНОЇ ДОПОМОГИ"" ВЕСНЯНСЬКОЇ СІЛЬСЬКОЇ РАДИ МИКОЛАЇВСЬКОГО РАЙОНУ МИКОЛАЇВСЬКОЇ ОБЛАСТІ",,6,7,52,78,51,76,1
5c3ed6e898d4a960,"КОМУНАЛЬНЕ НЕКОМЕРЦІЙНЕ ПІДПРИЄМСТВО ""МІСЬКА ДИТЯЧА ЛІКАРНЯ №5 ""ЗАПОРІЗЬКОЇ МІСЬКОЇ РАДИ",MUNICIPAL NON-PROFIT ENTERPRISE ‘CITY CHILDREN'S HOSPITAL NO. 5’ OF THE ZAPORIZHZHIA CITY COUNCIL,6,5,10,16,67,100,0
ae214bb58fd80e22,"КОМУНАЛЬНЕ НЕКОМЕРЦІЙНЕ ПІДПРИЄМСТВО ""ВИСОКІВСЬКА СІЛЬСЬКА ЛІКАРСЬКА АМБУЛАТОРІЯ ЗАГАЛЬНОЇ ПРАКТИКИ СІМЕЙНОЇ МЕДИЦИНИ"" ВИСОКІВСЬКОЇ СІЛЬСЬКОЇ РАДИ ЖИТОМИРСЬКОЇ ОБЛАСТІ",MUNICIPAL NON-PROFIT ENTERPRISE “VYSOKIVSKE VILLAGE OUTPATIENT CLINIC OF GENERAL PRACTICE OF FAMILY MEDICINE” OF VYSOKIVSKE VILLAGE COUNCIL OF ZHYTOMYR REGION,5,3,71,92,71,100,1
008c2f5023b05fc7,"КОМУНАЛЬНЕ НЕКОМЕРЦІЙНЕ ПІДПРИЄМСТВО ""БОРЗНЯНСЬКИЙ  ЦЕНТР ПЕРВИННОЇ МЕДИКО-САНІТАРНОЇ ДОПОМОГИ"" БОРЗНЯНСЬКОЇ МІСЬКОЇ РАДИ ЧЕРНІГІВСЬКОЇ ОБЛАСТІ",,5,,66,96,66,91,0
0bc908a80643335d,"КОМУНАЛЬНЕ НЕКОМЕРЦІЙНЕ ПІДПРИЄМСТВО ""ЦЕНТР ПЕРВИННОЇ МЕДИКО-САНІТАРНОЇ ДОПОМОГИ"" ВЕЛИМЧЕНСЬКОЇ СІЛЬСЬКОЇ РАДИ",MUNICIPAL NON-PROFIT ENTERPRISE “PRIMARY HEALTH CARE CENTER” OF VELYMCHE VILLAGE COUNCIL,9,8,12,22,21,23,0
84c366a52d415d5d,"КОМУНАЛЬНЕ НЕКОМЕРЦІЙНЕ ПІДПРИЄМСТВО ""ЦЕНТР ПЕРВИННОЇ МЕДИКО-САНІТАРНОЇ ДОПОМОГИ № 4"" ДНІПРОВСЬКОГО РАЙОНУ МІСТА КИЄВА",,6,,69,99,70,100,0
3840dc00c9ac9cee,"КОМУНАЛЬНЕ НЕКОМЕРЦІЙНЕ ПІДПРИЄМСТВО ""ФТИЗІОПУЛЬМОНОЛОГІЧНИЙ МЕДИЧНИЙ ЦЕНТР"" ХЕРСОНСЬКОЇ ОБЛАСНОЇ РАДИ",,6,6,67,99,68,100,0
d19256ba55a59d4a,"КОМУНАЛЬНЕ НЕКОМЕРЦІЙНЕ ПІДПРИЄМСТВО ""ВИШНІВЕЦЬКИЙ ЦЕНТР ПЕРВИННОЇ МЕДИКО-САНІТАРНОЇ ДОПОМОГИ"" ВИШНІВЕЦЬКОЇ СЕЛИЩНОЇ РАДИ",,7,7,8,11,61,87,1
543ee20bb74a179c,"Комунальне некомерційне підприємство ""Новобузька багатопрофільна лікарня"" Новобузької міської ради Миколаївської області",,3,3,51,82,52,81,0
0e97fa07fd626adf,"КОМУНАЛЬНЕ НЕКОМЕРЦІЙНЕ ПІДПРИЄМСТВО ""АВАНГАРДІВСЬКА АМБУЛАТОРІЯ ЗАГАЛЬНОЇ ПРАКТИКИ - СІМЕЙНОЇ МЕДИЦИНИ"" АВАНГАРДІВСЬКОЇ СЕЛИЩНОЇ РАДИ",,7,7,68,100,68,98,0
b91b42202ba77f9c,"КОМУНАЛЬНЕ НЕКОМЕРЦІЙНЕ ПІДПРИЄМСТВО МИКОЛАЇВСЬКОЇ МІСЬКОЇ РАДИ ""ЦЕНТР ПЕРВИННОЇ МЕДИКО-САНІТАРНОЇ ДОПОМОГИ №3""",,6,4,66,99,67,100,0
160ecf8c267725e5,"КОМУНАЛЬНЕ НЕКОМЕРЦІЙНЕ ПІДПРИЄМСТВО ""ШИРЯЇВСЬКА ЦЕНТРАЛЬНА РАЙОННА ЛІКАРНЯ"" ШИРЯЇВСЬКОЇ СЕЛИЩНОЇ РАДИ",,4,4,8,12,66,100,1
7f7c2ad474678427,"КОМУНАЛЬНЕ НЕКОМЕРЦІЙНЕ ПІДПРИЄМСТВО ""УМАНСЬКИЙ МІСЬКИЙ ЦЕНТР ПЕРВИННОЇ МЕДИКО-САНІТАРНОЇ ДОПОМОГИ"" УМАНСЬКОЇ МІСЬКОЇ РАДИ",,5,6,9,12,71,100,0
b527df4694eca689,"КОМУНАЛЬНЕ НЕКОМЕРЦІЙНЕ ПІДПРИЄМСТВО ""ЦЕНТР ПЕРВИННОЇ МЕДИКО-САНІТАРНОЇ ДОПОМОГИ"" ТУР'Є-РЕМЕТІВСЬКОЇ СІЛЬСЬКОЇ РАДИ",MUNICIPAL NON-PROFIT ENTERPRISE “PRIMARY HEALTH CARE CENTER” OF TURYE-REMETY VILLAGE COUNCIL,3,3,66,99,66,100,1
09d285a567cf3c0b,"КОМУНАЛЬНЕ НЕКОМЕРЦІЙНЕ ПІДПРИЄМСТВО ""ОБЛАСНИЙ КЛІНІЧНИЙ ЗАКЛАД ПСИХОНЕВРОЛОГІЧНОЇ ДОПОМОГИ ТА СОЦІАЛЬНО ЗНАЧУЩИХ ХВОРОБ"" ЗАПОРІЗЬКОЇ ОБЛАСНОЇ РАДИ",MUNICIPAL NON-PROFIT ENTERPRISE ‘REGIONAL CLINICAL INSTITUTION OF PSYCHONEUROLOGICAL CARE AND SOCIALLY SIGNIFICANT DISEASES’ OF THE ZAPORIZHZHIA REGIONAL COUNCIL,7,8,8,12,64,100,0
e9864e25fb72443d,"КОМУНАЛЬНЕ НЕКОМЕРЦІЙНЕ ПІДПРИЄМСТВО ""ВИЗИРСЬКИЙ ЦЕНТР ПЕРВИННОЇ МЕДИКО-САНІТАРНОЇ ДОПОМОГИ"" ВИЗИРСЬКОЇ СІЛЬСЬКОЇ РАДИ ОДЕСЬКОГО РАЙОНУ ОДЕСЬКОЇ ОБЛАСТІ",,7,7,64,94,65,94,0
bcdceeb031eb9ba6,"КОМУНАЛЬНЕ НЕКОМЕРЦІЙНЕ ПІДПРИЄМСТВО ""ДЕМИДІВСЬКА ЦЕНТРАЛЬНА РАЙОННА ЛІКАРНЯ"" ДЕМИДІВСЬКОЇ СЕЛИЩНОЇ  РАДИ",,5,5,67,100,68,100,0
72a5be8fa8c5b00b,"КОМУНАЛЬНЕ НЕКОМЕРЦІЙНЕ ПІДПРИЄМСТВО ""ЧЕРНІГІВСЬКИЙ РАЙОННИЙ ЦЕНТР ПЕРВИННОЇ МЕДИКО-САНІТАРНОЇ ДОПОМОГИ"" ЧЕРНІГІВСЬКОЇ РАЙОННОЇ РАДИ ЧЕРНІГІВСЬКОЇ ОБЛАСТІ",,7,6,63,92,64,97,1
790117c9752baf62,"КОМУНАЛЬНЕ НЕКОМЕРЦІЙНЕ ПІДПРИЄМСТВО ""СІВЕРСЬКА БАГАТОПРОФІЛЬНА ЛІКАРНЯ ПЛАНОВОГО ЛІКУВАННЯ СІВЕРСЬКОЇ МІСЬКОЇ РАДИ БАХМУТСЬКОГО РАЙОНУ ДОНЕЦЬКОЇ ОБЛАСТІ""",MUNICIPAL NON-PROFIT ENTERPRISE “SIVERSKAYA MULTIDISCIPLINARY HOSPITAL OF PLANNED TREATMENT OF SIVERSKAYA CITY COUNCIL OF BAKHMUT DISTRICT OF DONETSK REGION”,9,8,63,93,63,91,0
8a72d025e7e89206,"КОМУНАЛЬНЕ НЕКОМЕРЦІЙНЕ ПІДПРИЄМСТВО ""ЗАПОРІЗЬКИЙ РЕГІОНАЛЬНИЙ ФТИЗІОПУЛЬМОНОЛОГІЧНИЙ КЛІНІЧНИЙ ЛІКУВАЛЬНО-ДІАГНОСТИЧНИЙ ЦЕНТР"" ЗАПОРІЗЬКОЇ ОБЛАСНОЇ РАДИ",MUNICIPAL NON-PROFIT ENTERPRISE ‘ZAPORIZHZHIA REGIONAL PHTHISIOPULMONOLOGICAL CLINICAL TREATMENT AND DIAGNOSTIC CENTRE’ OF THE ZAPORIZHZHIA REGIONAL COUNCIL,5,4,7,10,71,100,0
13b4a022dbf0b0c1,"КОМУНАЛЬНЕ НЕКОМЕРЦІЙНЕ ПІДПРИЄМСТВО ""ХЕРСОНСЬКА МІСЬКА КЛІНІЧНА ЛІКАРНЯ ІМ. Є. Є. КАРАБЕЛЕША"" ХЕРСОНСЬКОЇ МІСЬКОЇ РАДИ",,4,6,66,99,67,100,0
5fe1a43d5750807b,"КОМУНАЛЬНЕ НЕКОМЕРЦІЙНЕ МЕДИЧНЕ ПІДПРИЄМСТВО ""КРЕМЕНЧУЦЬКА МІСЬКА ЛІКАРНЯ ПЛАНОВОГО ЛІКУВАННЯ"" КРЕМЕНЧУЦЬКОЇ МІСЬКОЇ РАДИ КРЕМЕНЧУЦЬКОГО РАЙОНУ ПОЛТАВСЬКОЇ ОБЛАСТІ",,6,7,70,99,71,100,0
b9a45ae42c03f0e6,"КОМУНАЛЬНЕ НЕКОМЕРЦІЙНЕ ПІДПРИЄМСТВО ""КОНСУЛЬТАТИВНО-ДІАГНОСТИЧНИЙ ЦЕНТР ДНІПРОВСЬКОГО РАЙОНУ М.КИЄВА""",,5,,66,99,66,100,0
f1f0e95cf8d9edcf,"КОМУНАЛЬНЕ НЕКОМЕРЦІЙНЕ ПІДПРИЄМСТВО ШУМСЬКОЇ МІСЬКОЇ РАДИ ""ШУМСЬКИЙ МІСЬКИЙ ЦЕНТР ПЕРВИННОЇ МЕДИКО-САНІТАРНОЇ ДОПОМОГИ""",,7,6,65,97,67,100,1
e111cbc2084869cd,"КОМУНАЛЬНЕ ПІДПРИЄМСТВО ""КОМУНАЛЬНЕ НЕКОМЕРЦІЙНЕ ПІДПРИЄМСТВО ВОЗНЕСЕНСЬКИЙ МІСЬКИЙ ЦЕНТР ПЕРВИННОЇ МЕДИКО-САНІТАРНОЇ ДОПОМОГИ""",,6,7,46,73,44,78,0
2409b4a923609849,"КОМУНАЛЬНЕ НЕКОМЕРЦІЙНЕ ПІДПРИЄМСТВО ""БІЛГОРОД-ДНІСТРОВСЬКА МІСЬКА БАГАТОПРОФІЛЬНА ЛІКАРНЯ"" БІЛГОРОД-ДНІСТРОВСЬКОЇ МІСЬКОЇ РАДИ",,5,5,62,100,62,100,0
75d7c64d390866ed,"КОМУНАЛЬНЕ НЕКОМЕРЦІЙНЕ ПІДПРИЄМСТВО "" ЦЕНТР ПЕРВИННОЇ МЕДИКО-САНІТАРНОЇ ДОПОМОГИ НЕЧАЯНСЬКОЇ СІЛЬСЬКОЇ РАДИ МИКОЛАЇВСЬКОГО РАЙОНУ МИКОЛАЇВСЬКОЇ ОБЛАСТІ""",,6,5,51,78,50,76,1
cedcc22559132fc7,"КОМУНАЛЬНЕ НЕКОМЕРЦІЙНЕ ПІДПРИЄМСТВО ""ЦЕНТР ПЕРВИННОЇ МЕДИКО-САНІТАРНОЇ ДОПОМОГИ ""ЗДОРОВ'Я +"" ДУБЕНСЬКОЇ МІСЬКОЇ РАДИ",,4,4,51,71,50,70,0
454e9c973ecb2d44,"КОМУНАЛЬНЕ НЕКОМЕРЦІЙНЕ ПІДПРИЄМСТВО ""МІСЬКА КЛІНІЧНА ІНФЕКЦІЙНА ЛІКАРНЯ"" ОДЕСЬКОЇ МІСЬКОЇ РАДИ",,9,9,10,13,65,100,0
50e32ffe83467673,"КОМУНАЛЬНЕ ПІДПРИЄМСТВО ""САРАТСЬКА ЦЕНТРАЛЬНА ЛІКАРНЯ"" САРАТСЬКОЇ СЕЛИЩНОЇ РАДИ БІЛГОРОД-ДНІСТРОВСЬКОГО РАЙОНУ ОДЕСЬКОЇ ОБЛАСТІ",,4,5,10,13,57,86,0
13223610367bc020,"КОМУНАЛЬНЕ НЕКОМЕРЦІЙНЕ ПІДПРИЄМСТВО""ЛЮБОТИНСЬКА МІСЬКА ЛІКАРНЯ"" ЛЮБОТИНСЬКОЇ МІСЬКОЇ РАДИ ХАРКІВСЬКОЇ ОБЛАСТІ",,4,5,9,12,74,100,0
3faa9ae146dad57b,"КОМУНАЛЬНЕ НЕКОМЕРЦІЙНЕ ПІДПРИЄМСТВО ""ЦЕНТР ПЕРВИННОЇ МЕДИКО-САНІТАРНОЇ ДОПОМОГИ"" ВЕЛИКОБИЙГАНСЬКОЇ СІЛЬСЬКОЇ РАДИ",MUNICIPAL NON-PROFIT ENTERPRISE “PRIMARY HEALTH CARE CENTER” OF VELYKYI BIHAN VILLAGE COUNCIL,6,3,12,20,30,44,1
33aaf3fa31e25dd5,"КОМУНАЛЬНЕ НЕКОМЕРЦІЙНЕ ПІДПРИЄМСТВО ""МИКОЛАЇВСЬКА ОБЛАСНА КЛІНІЧНА ЛІКАРНЯ"" МИКОЛАЇВСЬКОЇ ОБЛАСНОЇ РАДИ",,5,5,24,35,24,24,0
0f4ddf01828a5df9,"КОМУНАЛЬНЕ НЕКОМЕРЦІЙНЕ ПІДПРИЄМСТВО ""ЗБАРАЗЬКА ЦЕНТРАЛЬНА ЛІКАРНЯ"" ЗБАРАЗЬКОЇ МІСЬКОЇ РАДИ",,,,9,12,53,69,1
a057c4d9e79766e7,"КОМУНАЛЬНЕ НЕКОМЕРЦІЙНЕ ПІДПРИЄМСТВО ""СКАЛА-ПОДІЛЬСЬКА МІСЬКА ПОЛІКЛІНІКА"" СКАЛА-ПОДІЛЬСЬКОЇ СЕЛИЩНОЇ РАДИ",,7,5,68,99,68,100,0
4ad6014fd7f0ad31,"КОМУНАЛЬНЕ НЕКОМЕРЦІЙНЕ ПІДПРИЄМСТВО ""МІСЬКА КЛІНІЧНА ЛІКАРНЯ №1"" ОДЕСЬКОЇ МІСЬКОЇ РАДИ",,,,47,92,48,72,1
cce0c3c4dbb91e32,"КОМУНАЛЬНЕ НЕКОМЕРЦІЙНЕ ПІДПРИЄМСТВО ""ЦЕНТР ПЕРВИННОЇ МЕДИКО-САНІТАРНОЇ ДОПОМОГИ КОМПАНІЇВСЬКОЇ СЕЛИЩНОЇ РАДИ КРОПИВНИЦЬКОГО РАЙОНУ КІРОВОГРАДСЬКОЇ ОБЛАСТІ""",,,,60,88,60,87,0
90ad8ff970c27254,"КОМУНАЛЬНЕ ПІДПРИЄМСТВО  ""КОМУНАЛЬНЕ НЕКОМЕРЦІЙНЕ ПІДПРИЄМСТВО ""ШЕПЕТІВСЬКИЙ ЦЕНТР ПЕРВИННОЇ МЕДИКО-САНІТАРНОЇ ДОПОМОГИ"" ШЕПЕТІВСЬКОЇ МІСЬКОЇ РАДИ ХМЕЛЬНИЦЬКОЇ ОБЛАСТІ",,9,8,69,100,70,100,1
aec5c5106d9d55d4,"КОМУНАЛЬНЕ НЕКОМЕРЦІЙНЕ ПІДПРИЄМСТВО БІЛОПІЛЬСЬКОЇ МІСЬКОЇ РАДИ ""БІЛОПІЛЬСЬКИЙ ЦЕНТР ПЕРВИННОЇ МЕДИЧНОЇ ДОПОМОГИ""",,5,4,68,97,70,100,1
be8540ac7f96df70,"КОМУНАЛЬНЕ НЕКОМЕРЦІЙНЕ ПІДПРИЄМСТВО ""КОРОПСЬКИЙ  ЦЕНТР ПЕРВИННОЇ МЕДИКО-САНІТАРНОЇ ДОПОМОГИ"" КОРОПСЬКОЇ СЕЛИЩНОЇ РАДИ",,8,7,9,12,70,100,0
7e3c6ad08fe78532,"КОМУНАЛЬНЕ НЕКОМЕРЦІЙНЕ ПІДПРИЄМСТВО ""БАГАЧЕВСЬКА  МІСЬКА ЛІКАРНЯ БАГАЧЕВСЬКОЇ МІСЬКОЇ РАДИ ЧЕРКАСЬКОЇ ОБЛАСТІ""",,5,5,54,78,55,74,0
8bedc44349af2619,"КОМУНАЛЬНЕ НЕКОМЕРЦІЙНЕ ПІДПРИЄМСТВО СУМСЬКОЇ ОБЛАСНОЇ РАДИ ""ОБЛАСНА СПЕЦІАЛІЗОВАНА ЛІКАРНЯ У М.ГЛУХІВ""",,8,9,65,97,67,100,0
90925c797be94169,"КОМУНАЛЬНЕ НЕКОМЕРЦІЙНЕ ПІДПРИЄМСТВО ""КУЦУРУБСЬКИЙ ЦЕНТР ПЕРВИННОЇ МЕДИКО-САНІТАРНОЇ ДОПОМОГИ"" КУЦУРУБСЬКОЇ СІЛЬСЬКОЇ РАДИ",,6,6,54,85,53,82,0
c7201d9a7a90203f,"КОМУНАЛЬНЕ НЕКОМЕРЦІЙНЕ ПІДПРИЄМСТВО ""ХЕРСОНСЬКИЙ РЕГІОНАЛЬНИЙ ОНКОЛОГІЧНИЙ ЦЕНТР"" ХЕРСОНСЬКОЇ ОБЛАСНОЇ РАДИ",,,,61,90,56,90,0
ab2a2aaf23275fe5,"КОМУНАЛЬНЕ НЕКОМЕРЦІЙНЕ ПІДПРИЄМСТВО ""КЕГИЧІВСЬКИЙ ЦЕНТР ПЕРВИННОЇ МЕДИКО-САНІТАРНОЇ ДОПОМОГИ""",,6,6,8,13,58,92,0
6e00fd848e65f31b,"КОМУНАЛЬНЕ НЕКОМЕРЦІЙНЕ ПІДПРИЄМСТВО ""МІСЬКА ДИТЯЧА ПОЛІКЛІНІКА № 4"" ХАРКІВСЬКОЇ МІСЬКОЇ РАДИ",,6,5,65,99,66,100,1
585e9583c035fca2,"КОМУНАЛЬНЕ НЕКОМЕРЦІЙНЕ ПІДПРИЄМСТВО ""ДИТЯЧА КЛІНІЧНА ЛІКАРНЯ № 6 ШЕВЧЕНКІВСЬКОГО РАЙОНУ МІСТА КИЄВА"" ВИКОНАВЧОГО ОРГАНУ КИЇВСЬКОЇ МІСЬКОЇ РАДИ (КИЇВСЬКОЇ МІСЬКОЇ ДЕРЖАВНОЇ АДМІНІСТРАЦІЇ)",,6,,54,72,57,74,0
6c26838c5a0fabf5,"Комунальне некомерційне підприємство ""Лікарня Святого Мартина""",Municipal non-profit enterprise “St. Martin's Hospital”,,,34,60,33,55,1
bb9aa48cfd4e3098,"КОМУНАЛЬНЕ НЕКОМЕРЦІЙНЕ ПІДПРИЄМСТВО ""МІСЬКА ПОЛІКЛІНІКА №19"" ХАРКІВСЬКОЇ МІСЬКОЇ РАДИ",,5,4,66,93,68,100,0
